direction,source_file,lpips,cycle_l1,selected_as
A2B,676a5a4c2e.jpg,0.04551,0.02191,least changed
A2B,51db3fc011.jpg,0.11667,0.02914,least changed
A2B,3545597386.jpg,0.12091,0.02031,least changed
A2B,9908d1daa9.jpg,0.12281,0.03092,least changed
A2B,10c555c1b1.jpg,0.12449,0.02264,least changed
A2B,3283442e33.jpg,0.51075,0.02235,most changed
A2B,b1ea5d5a7d.jpg,0.50855,0.01911,most changed
A2B,6a03aea8be.jpg,0.48199,0.01629,most changed
A2B,2cca56415e.jpg,0.46486,0.02911,most changed
A2B,cdddf326e3.jpg,0.45307,0.02104,most changed
A2B,a619072f82.jpg,0.26755,0.04479,worst cycle
A2B,6782e7cb2a.jpg,0.21345,0.04359,worst cycle
A2B,6d0e87f557.jpg,0.26054,0.0424,worst cycle
A2B,a7d53885e8.jpg,0.20557,0.0418,worst cycle
A2B,f486c1655f.jpg,0.29431,0.04125,worst cycle
B2A,04b8bfdb1c.jpg,0.11269,0.02357,least changed
B2A,063ab57d41.jpg,0.11965,0.02459,least changed
B2A,05f22b97da.jpg,0.12278,0.02166,least changed
B2A,04f59976b5.jpg,0.12641,0.02322,least changed
B2A,0962094f25.jpg,0.12946,0.04441,least changed
B2A,09fc404e31.jpg,0.72052,0.01301,most changed
B2A,07054731ab.jpg,0.64317,0.01382,most changed
B2A,08341635fa.jpg,0.6286,0.01599,most changed
B2A,02ded12bbd.jpg,0.62261,0.0135,most changed
B2A,04387e4338.jpg,0.61494,0.02124,most changed
B2A,08b790bca7.jpg,0.27565,0.04546,worst cycle
B2A,08fa8a6f26.jpg,0.22105,0.04531,worst cycle
B2A,0962094f25.jpg,0.12946,0.04441,worst cycle
B2A,098fde2b22.jpg,0.20989,0.04293,worst cycle
B2A,051c1b5ee3.jpg,0.21497,0.04071,worst cycle
