sample_id,rater_id,style,content,artifacts
sample_01,rater1,5,3,5
sample_02,rater1,5,5,5
sample_03,rater1,4,5,4
sample_04,rater1,3,3,5
sample_05,rater1,4,5,5
sample_06,rater1,3,3,5
sample_07,rater1,3,4,4
sample_08,rater1,5,4,5
sample_09,rater1,4,4,5
sample_10,rater1,3,4,3
sample_11,rater1,3,4,4
sample_12,rater1,5,4,5
sample_13,rater1,4,4,5
sample_14,rater1,3,5,3
sample_15,rater1,3,4,5
sample_16,rater1,5,5,4
sample_17,rater1,3,4,5
sample_18,rater1,4,5,3
sample_19,rater1,5,4,5
sample_20,rater1,5,5,4
sample_21,rater1,3,4,5
sample_22,rater1,3,4,3
sample_23,rater1,3,4,4
sample_24,rater1,3,5,5
sample_25,rater1,4,4,5
sample_26,rater1,3,4,3
sample_27,rater1,3,4,4
sample_28,rater1,5,4,5
sample_29,rater1,3,4,5
sample_30,rater1,4,4,5
sample_01,rater2,5,3,4
sample_02,rater2,3,5,5
sample_03,rater2,4,5,4
sample_04,rater2,3,3,5
sample_05,rater2,4,4,3
sample_06,rater2,3,3,3
sample_07,rater2,3,4,4
sample_08,rater2,4,4,3
sample_09,rater2,5,4,5
sample_10,rater2,3,3,4
sample_11,rater2,4,4,4
sample_12,rater2,5,3,3
sample_13,rater2,4,3,5
sample_14,rater2,4,3,4
sample_15,rater2,3,4,3
sample_16,rater2,5,3,4
sample_17,rater2,5,4,5
sample_18,rater2,4,5,3
sample_19,rater2,5,5,3
sample_20,rater2,5,5,4
sample_21,rater2,5,4,5
sample_22,rater2,3,4,3
sample_23,rater2,5,4,4
sample_24,rater2,3,3,5
sample_25,rater2,5,4,5
sample_26,rater2,3,4,3
sample_27,rater2,4,5,4
sample_28,rater2,5,4,3
sample_29,rater2,3,4,5
sample_30,rater2,4,4,5