epoch,step,loss_G,loss_D_A,loss_D_B,loss_cycle_A,loss_cycle_B,loss_identity_A,loss_identity_B,loss_GAN_AB,loss_GAN_BA,lr
1,7038,2.755097233239613,0.22649628282044296,0.22683217175914655,0.7305232810555754,0.649279851285393,0.3072445839283547,0.275864704607071,0.3953581328896007,0.396826679247735,0.0002
2,14076,2.211983508449212,0.1959202479875193,0.21999834988368916,0.5353161529760938,0.4428223568896368,0.21242000250890533,0.1937750458027125,0.3699300149501981,0.4577199347342626,0.0002
3,21114,2.1295079144268896,0.18933915180233807,0.22194932308709647,0.5084538174076967,0.43766147796616156,0.2043793316444625,0.17654929468347355,0.34968424482950183,0.4527797500516756,0.0002
4,28152,2.090368218095372,0.19147242810952964,0.21906422981984425,0.4964982610059313,0.452466271963774,0.1937713888570408,0.15806378169569077,0.3558477344781131,0.43372078106756357,0.0002
5,35190,2.0535390821496478,0.19370592601515796,0.21593021709682605,0.48435837715762553,0.4518114008045427,0.18570666069561326,0.15219891197401442,0.359515262418592,0.41994847146342695,0.0002
6,42228,2.066573840882772,0.19242548450677274,0.20715323749968836,0.4792536309740021,0.4468521205229358,0.1832220866200632,0.15246996556655626,0.37872852489900594,0.42604751219884573,0.0002
7,49266,2.075812862318461,0.19158819231248886,0.19557513507561025,0.47084531094852444,0.444418942504442,0.1774168245401207,0.15096949564907558,0.406711903483027,0.4254503850727208,0.0002
8,56304,2.1159944480777835,0.1901104986669221,0.17932907011440385,0.4672015408928945,0.4446988266515068,0.17524139218733167,0.14919190290435602,0.44775817747132307,0.43190260736179636,0.0002
9,63342,2.1642570950897557,0.18896892629976672,0.1575928576831563,0.4620275276121039,0.44668331861487504,0.17354525367931298,0.150606814101783,0.49990421084464276,0.4314899691286608,0.0002
10,70380,2.1909592364043733,0.18999522408265668,0.13692079157269188,0.45139211982607197,0.4489848863870185,0.1672962314101758,0.15312951658387927,0.5399210793629149,0.430235403477955,0.0002
11,77418,2.2326154475965496,0.1893092300920184,0.12176249490992086,0.442435270248912,0.4474484146839687,0.16870862197709985,0.15647444267563773,0.5891067094819815,0.42844198824788576,0.0002
12,84456,2.2312890207540517,0.1898746884182629,0.11699719123122036,0.43639584985366087,0.44849567388007844,0.164356295669382,0.15623638985144478,0.598094992402599,0.42770981878168196,0.0002
13,91494,2.2228513445729523,0.19077396183823847,0.11503372307809646,0.4280848263821909,0.4432475337291279,0.15977642219275465,0.15599026924894255,0.6113424166723658,0.42440987661434326,0.0002
14,98532,2.2343604942891164,0.18890369774545585,0.11317592356581602,0.4283932308754009,0.446112464627494,0.1612767862184087,0.15899593163092185,0.611366509109509,0.42821557102362334,0.0002
15,105570,2.2076561170127045,0.1912678449535618,0.11051401089396276,0.4211599667680707,0.43918496740198026,0.15506796819364593,0.1558553227018348,0.6185619171944895,0.41782597388170234,0.0002
16,112608,2.2053833967347347,0.18918494133632838,0.10868847307133239,0.41903604859654014,0.4389977259865773,0.1496651884645825,0.1547393760453083,0.6207724727333465,0.42217258578227235,0.0002
17,119646,2.2288990160828797,0.18063035235973407,0.10680009654830823,0.41652256346927785,0.43202694125407864,0.14686420495201322,0.15539208694056003,0.6325964754075235,0.44549674394932975,0.0002
18,126684,2.2152802137936947,0.1797214724979903,0.10654948429268306,0.4143515881293875,0.42987994939876434,0.14381209922079488,0.15133110947989545,0.629270360432724,0.44663510672667633,0.0002
19,133722,2.234544328750281,0.17675636490078075,0.1037511035702587,0.4141656265983903,0.4302203865781634,0.14563410987949957,0.1534514292083738,0.6381336085706881,0.4529391676695654,0.0002
20,140760,2.228619122545839,0.1737477988701787,0.10558332228023716,0.4149484854762139,0.4260482239317542,0.14131227100988397,0.15014985761001523,0.6328856465275712,0.46327463904531735,0.0002
21,147798,2.250176199172227,0.16542418839030962,0.10397538510221341,0.41636718155164615,0.4222278325297372,0.14236289889740397,0.1484012500829963,0.6366603719507236,0.48415666579423167,0.0002
22,154836,2.2543749738972645,0.16257788319909233,0.10381240320306469,0.41185304466407385,0.42066321969794496,0.13886268181780856,0.14685241528158163,0.6460132003174558,0.49013040981642664,0.0002
23,161874,2.2616795622919663,0.15852460803945198,0.10291818298826073,0.41137885060304263,0.42316280783882665,0.13785123552160528,0.14773643511403314,0.642102340161938,0.4994478932475715,0.0002
24,168912,2.2639019836855057,0.15523602351208587,0.10377789929331314,0.41282503156329664,0.4215328618820569,0.13646308872949317,0.14749744474574497,0.6412009292267079,0.5043826275427052,0.0002
25,175950,2.2777014000912423,0.15295015208970444,0.10149358869055204,0.4127048746568637,0.4198593721958208,0.1358372182713657,0.14873112404243144,0.6498508380938234,0.5107179753276969,0.0002
26,182988,2.260211613002776,0.15063667806242806,0.10267276387147205,0.40999642712558726,0.4163946744354146,0.13399992959743773,0.14323169195934024,0.646037306059623,0.5105515845743481,0.0002
27,190026,2.2780612103469537,0.14856193496857042,0.10067109037381228,0.4127253584646305,0.4143828860600247,0.13461490977702661,0.14415540204138097,0.6535745711574232,0.5186080811754331,0.0002
28,197064,2.2757063459929974,0.1469916197886565,0.09889177540642705,0.4081397720589561,0.41419752438863117,0.13182299535083192,0.14365482770603094,0.6545581721059468,0.52333305471342,0.0002
29,204102,2.277401580665558,0.14488935521924215,0.09857280771680754,0.41084386159552877,0.40977853122261243,0.13139572651523798,0.14263827968034157,0.655984156104199,0.526761025160712,0.0002
30,211140,2.2904932400522395,0.1400748779369996,0.09767414625912998,0.4096103173874596,0.4087861025894898,0.13245493424757276,0.14261866376358664,0.6583448493597555,0.5386783722444043,0.0002
31,218178,2.2963707689264683,0.13756517807546284,0.09790771243165894,0.41231914440291145,0.40748487800596855,0.1312845799670737,0.14340471658399412,0.6582744897034365,0.5436029595972107,0.0002
32,225216,2.297546482248786,0.1346755430094938,0.09812040071199778,0.4127294833402161,0.40604861228218403,0.13133830500543794,0.13949870444256224,0.6528753354286913,0.5550560424706159,0.0002
33,232254,2.309210470536447,0.1312377008959613,0.09608088844884785,0.41215826348677115,0.4078938232040873,0.12876137205020852,0.13911914916269208,0.6657089834284375,0.5555688809395963,0.0002
34,239292,2.30634008576227,0.13019531127674128,0.09742716060775092,0.4116838803262357,0.4031184720604316,0.12973002152971058,0.14005658149604908,0.6561447187488553,0.5656064124743508,0.0002
35,246330,2.3243853963888244,0.1289764201992651,0.09497936896140322,0.4121349954442498,0.39985879950392617,0.1302055856739638,0.14083837296016585,0.6656243279883302,0.5757233151447734,0.0002
36,253368,2.316086176157201,0.12661124591703196,0.09625884425133238,0.413680742635294,0.39428189832798693,0.1304734912299998,0.1383234093404521,0.6592369144568053,0.5800897193753429,0.0002
37,260406,2.335317799028059,0.12423921679854541,0.09477009956544181,0.41536562344624123,0.3972911642788655,0.13192119728482712,0.13790260025509957,0.6682710077102277,0.584566205195314,0.0002
38,267444,2.3254147058998056,0.12353686308215654,0.09475478011655321,0.4125530845479011,0.39369780538933424,0.12809631422915796,0.13831766579711968,0.6695584087667267,0.5831914270663505,0.0002
39,274482,2.3222503638735006,0.12389751018452928,0.0946369782573448,0.41433246290820946,0.3922331063804656,0.12751096106153145,0.13643931123526234,0.6687495643826126,0.582984959575395,0.0002
40,281520,2.3349183332042687,0.11883330931762642,0.09280007012647877,0.41721550396819046,0.3921089558739085,0.12904350919335122,0.1351370971271957,0.6719032654215341,0.5895100009634786,0.0002
41,288558,2.3362832492168195,0.1193570938277868,0.0934092609365832,0.415118066104392,0.3890031221327744,0.12962890256902362,0.13506626678854608,0.670781684969532,0.5966852065985617,0.0002
42,295596,2.3278423102107295,0.11893372679498172,0.09337777422217566,0.4132030345679481,0.3875083276754789,0.12683162765069828,0.13437251818217347,0.6681668527856253,0.5977599489385895,0.0002
43,302634,2.348783107703638,0.11886366501764949,0.0922605987009943,0.41525772531734134,0.38954757436004744,0.12824130684357538,0.1367132911539596,0.6763856256151486,0.602637584980987,0.0002
44,309672,2.3345298395132468,0.11557910826404423,0.09326035393884712,0.41528328366071604,0.38577268951214927,0.1251350078407837,0.13107533989943676,0.6719923085927684,0.6052712090869211,0.0002
45,316710,2.3373887978449703,0.11647656857099307,0.09236794086551633,0.41397922630886286,0.38507807605618544,0.1288524927721211,0.13372517942759793,0.6722450677684446,0.6035087554175412,0.0002
46,323748,2.351016246805004,0.11366617868877535,0.09137862465712505,0.41356804818719517,0.38530581047730406,0.1302962739012117,0.13226595180732142,0.6747428210376507,0.6148373418204163,0.0002
47,330786,2.3554435198569235,0.11414015164551713,0.09074756205447164,0.414407357389309,0.38623896406968233,0.12782834715872335,0.1333895095960936,0.6794491191951727,0.6141302217328437,0.0002
48,337824,2.372976199931535,0.11191589100687054,0.09001757965999321,0.41599379980401513,0.38612318391249784,0.1303786496915247,0.13216031443313903,0.683993462963296,0.6243267886596805,0.0002
49,344862,2.357541127040936,0.11326531989409415,0.09078292147385851,0.41564035700418694,0.3834957726284942,0.1278570674187243,0.13037845375067675,0.6799219204449,0.6202475543653433,0.0002
50,351900,2.345595224281711,0.11231359418822465,0.09070358417518533,0.4143524432142508,0.38227524680783376,0.12802344288716147,0.1304898648389143,0.6743545487700927,0.6160996763009718,0.0002
51,358938,2.3617486837032877,0.11232355788363868,0.08980036255620095,0.4136445009829511,0.38282910546403814,0.12792705720474212,0.13015602831497183,0.686389852162746,0.6208021391355694,0.0002
52,365976,2.3496642105109857,0.11150762945695183,0.09030201165659264,0.41291104369744147,0.3808477965034555,0.12495025046038488,0.12977507910324654,0.6823083741395065,0.6188716663936384,0.0002
53,373014,2.3631474468205997,0.11098810193150321,0.09029738306411672,0.4155005525843126,0.3832683305966139,0.12669165886390205,0.13015106700320547,0.6798185454281886,0.6277172912031828,0.0002
54,380052,2.3571662242251996,0.11072694893495523,0.09017193453419772,0.4105710402706971,0.38296982687698167,0.12472427108661971,0.13114768828065024,0.6800192339580298,0.6277341653983781,0.0002
55,387090,2.413969669940967,0.10254838129806693,0.08719941989380288,0.41984558639861064,0.387950514696494,0.13780573437228041,0.13360059299961718,0.6899071081104003,0.6448601351028801,0.0002
56,394128,2.3651220810857136,0.10995352499766059,0.0886264052783261,0.41369319036624147,0.38398938741229005,0.1285401360375548,0.13034337095897217,0.6827734031929664,0.6257825925073931,0.0002
57,401166,2.360382541467873,0.10996995880219552,0.08960267791985559,0.4085198477012219,0.38227119567372914,0.12611406550772591,0.12937031314623867,0.6831152854107784,0.6309918345670177,0.0002
58,408204,2.3743190533669707,0.10796037284140222,0.08827919426577129,0.40998940078134594,0.3858766538932873,0.12614386892790447,0.12871846078060573,0.6857204749088806,0.6378701936424999,0.0002
59,415242,2.3725358949242144,0.10852039655240193,0.08829261281832726,0.4098410947853342,0.3852694197858251,0.12427629622212355,0.12785728793865445,0.6893475048728849,0.6359442926410815,0.0002
60,422280,2.3788909492386985,0.10806199230420958,0.08765393735549266,0.4100040512312438,0.38594264222897057,0.1268935527543464,0.1300918054747104,0.6879169490732492,0.6380419457782802,0.0002
61,429318,2.3757049928642395,0.1067439469014715,0.0878387494740516,0.40995986018839053,0.3835287713812271,0.12329490638689228,0.13022939635969488,0.6877185177342751,0.6409735441955273,0.0002
62,436356,2.3683499652711326,0.10567326840403897,0.08880833091580054,0.40964454574641196,0.3815895619802971,0.12407898348281078,0.12504306277426916,0.6847448304838613,0.6432489821018821,0.00019047619047619048
63,443394,2.383091110317976,0.10506474727150196,0.08688302906417997,0.41206761896737293,0.38318158008643055,0.12502527119749038,0.1285320998982768,0.6910757289357266,0.6432088100361715,0.00018095238095238095
64,450432,2.366988058353087,0.10412774408650596,0.08591150464005737,0.407916122567386,0.3799317671760438,0.12083954790209582,0.12439886126354968,0.6899130722477663,0.643988685854442,0.00017142857142857145
65,457470,2.384798436670962,0.10294243309283738,0.08625171171502867,0.4101465630087537,0.3812766924784176,0.12187423014975757,0.12427143103745587,0.6955624882938485,0.6516670323786588,0.00016190476190476192
66,464508,2.3874019525731347,0.10260069855250911,0.08486074712111567,0.4099986158580257,0.38301863955372467,0.1213068213487432,0.12481918239092142,0.698132684497196,0.6501260087757871,0.00015238095238095237
67,471546,2.3793801367536935,0.1022264490157586,0.08371692512562309,0.40975542320772207,0.3811835655669964,0.11922828374368608,0.12194578662095472,0.6964390855891253,0.6508279913598654,0.00014285714285714287
68,478584,2.378749590852986,0.10235517411925477,0.08323361818620717,0.40889405602714696,0.3809224155353836,0.11885058442059228,0.12005035138923731,0.7003645292290336,0.6496676556166853,0.00013333333333333337
69,485622,2.3932917005773904,0.10027110913059663,0.08164625301608844,0.4084756027681647,0.38206532792963405,0.11774421204649003,0.12052652108742114,0.7107459788866242,0.6537340569761657,0.0001238095238095238
70,492660,2.391845171425823,0.10015881515702729,0.08138616691319932,0.40765955653565616,0.3828492492403487,0.11756379404492966,0.11931063542970882,0.7090522125585661,0.6554097230745991,0.00011428571428571428
71,499698,2.4013160841815275,0.10007830139892147,0.08002385859697651,0.40723700722736134,0.38392366690370094,0.11687120377888274,0.11960265213799903,0.7167708525472776,0.6569107039517962,0.00010476190476190477
72,506736,2.411057326562637,0.09900521929263349,0.07953646855572258,0.4083448344098976,0.38621688135758014,0.11609935920244084,0.12035068471548943,0.7207950766495546,0.6592504904203437,9.523809523809524e-05
73,513774,2.422038823476262,0.0982504722930366,0.07803659008286044,0.4075010310107925,0.38758580020778927,0.11583279557399077,0.11931331680241244,0.7275195658539347,0.6642863149456966,8.571428571428573e-05
74,520812,2.419642241833121,0.09873200411839253,0.07748198438129851,0.40779774008055714,0.38880502133418227,0.11516921150064852,0.11790007029314141,0.7278684382328224,0.6621017613514102,7.619047619047618e-05
75,527850,2.424656956837441,0.09793031443747803,0.07699676883825357,0.40755938398343455,0.39038887157566204,0.11474673213973391,0.11733738817518054,0.7311221476168956,0.6635024313473268,6.666666666666668e-05
76,534888,2.4354128552181,0.09664431359998947,0.07560599713715158,0.40801399567226143,0.39096950221744303,0.11429650426910289,0.11709234063836721,0.7373189618988331,0.6677215500700606,5.714285714285714e-05
77,541926,2.438784170367563,0.0965178938959409,0.07540887840855448,0.4076061204253662,0.3924955432600987,0.11356009997196684,0.11701319494892604,0.7415242526615655,0.666584961082438,4.761904761904763e-05
78,548964,2.447120176861658,0.09572989160592506,0.07370178455830416,0.4068256594594245,0.39319766219467156,0.113445556086085,0.11642610217553372,0.746797681407398,0.6704275161387839,3.809523809523809e-05
79,556002,2.4607588946395857,0.0948951295387761,0.07132228002381971,0.4054872036090321,0.39550778965494043,0.11309232297013364,0.11655524926766664,0.7583618259613708,0.6717545032441938,2.857142857142858e-05
80,563040,2.461342490525637,0.09394902285452034,0.07055844498004814,0.40533992254105644,0.3948388515306522,0.11289322587446281,0.11573988496812611,0.7585115241255738,0.6740190791567979,1.9047619047619046e-05
