model,slice,n,macro_f1,error_rate
baseline_meanpool,len<=40,16731,0.93118158118311,0.06753929830852907
baseline_meanpool,len41-100,14542,0.931705343783455,0.06800990235180855
baseline_meanpool,len>100,6727,0.9236122249856804,0.0723948268173034
baseline_meanpool,has_negation,28544,0.9237326157184566,0.07378082959641255
baseline_meanpool,no_negation,9456,0.9270754934604548,0.05287648054145516
exp_textcnn,len<=40,16731,0.9432793025605168,0.055585440200824815
exp_textcnn,len41-100,14542,0.9454516996986351,0.054394168615046076
exp_textcnn,len>100,6727,0.9336275056948242,0.06332689163074179
exp_textcnn,has_negation,28544,0.939714746583449,0.05854119955156951
exp_textcnn,no_negation,9456,0.9300381597376965,0.050338409475465314
exp_bilstm,len<=40,16731,0.9489266101148446,0.050146434761819375
exp_bilstm,len41-100,14542,0.9490605000293809,0.05074955301884197
exp_bilstm,len>100,6727,0.9405348121630881,0.05648877657202319
exp_bilstm,has_negation,28544,0.9450935258029785,0.05318105381165919
exp_bilstm,no_negation,9456,0.9363312359053213,0.04642554991539763
