epoch,train_loss,val_loss,train_ppl,val_ppl,val_bpc,val_top1_acc,gen_gap,epoch_time_s,tokens_per_sec,lr_end,peak_device_mb
1,1.7169753073424903,0.9918230279133871,5.567662502069088,2.6961451426983616,1.4308981638101195,0.6912489670973557,-0.7251522794291032,1010.5720074176788,25324.081621254198,0.00024846956439190433,8058.792448
2,0.894736658404945,0.7990386879596955,2.446691389004325,2.2234025172066545,1.1527691525978765,0.7492503630809295,-0.09569797044524953,1019.430089712143,25104.034360243746,0.00023645213071172923,8058.792448
3,0.7717818129764782,0.7386977829230137,2.163617983834303,2.0932079278155507,1.065715628138704,0.7675084823217148,-0.0330840300534645,1023.7859914302826,24997.224238482602,0.00021371169826843247,8058.792448
4,0.7187192158036593,0.7028417014158689,2.0518036093905896,2.019483329893073,1.0139862371626356,0.7775659805689102,-0.015877514387790392,1022.3814859390259,25031.564393495166,0.00018271254577141045,8058.792448
5,0.6847247703050987,0.6805032804990426,1.9832259177499505,1.9748713964255058,0.98175870808464,0.7842501126802884,-0.004221489806056078,1023.3297600746155,25008.36875704073,0.00014681391239512577,8058.792448
6,0.6596425760265502,0.6623673790540451,1.9341009168100416,1.9393781472853455,0.9555941330078911,0.7897272354517227,0.002724803027494893,1025.8234720230103,24947.574995072788,0.0001099059720905879,8058.792448
7,0.6395564169340341,0.6509169706931481,1.8956398190557966,1.9172981293889686,0.9390746856494716,0.7933936485877404,0.011360553759114045,1024.490617275238,24980.031606404205,7.598827287549337e-05,8058.792448
8,0.6234979819167744,0.6406719122941678,1.8654419246014269,1.8977555763177507,0.9242941907036447,0.7964238875951523,0.017173930377393343,1026.3778557777405,24934.099908661552,4.8736323747126095e-05,8058.792448
9,0.6114835323963824,0.6358404587476681,1.843163764660568,1.888608772380093,0.9173238766318244,0.7981856908553686,0.024356926351285724,1022.7237663269043,25023.186947060552,3.110329625110399e-05,8058.792448
10,0.6038131793619881,0.6326739027714118,1.829080130159748,1.8826378456112687,0.912755502028182,0.7990546593299279,0.028860723409423694,1022.9595150947571,25017.42016411023,2.500000252123311e-05,8058.792448
