direction,category,file,lpips,cycle_l1
A2B,least changed,a202b1b200.jpg,0.09227018058300018,0.03005019761621952
A2B,least changed,815624563e.jpg,0.09579214453697205,0.03872114047408104
A2B,least changed,99d94af5dd.jpg,0.1044670045375824,0.023901088163256645
A2B,most changed,9d9a4fccfb.jpg,0.7378137707710266,0.02439294196665287
A2B,most changed,ede9769cb3.jpg,0.6848282814025879,0.029931724071502686
A2B,most changed,b1ea5d5a7d.jpg,0.668122410774231,0.02850283868610859
A2B,worst cycle,4f7e01f097.jpg,0.39549386501312256,0.06496401131153107
A2B,worst cycle,6782e7cb2a.jpg,0.3534861207008362,0.06281653791666031
A2B,worst cycle,a619072f82.jpg,0.4745112955570221,0.061613548547029495
B2A,least changed,03c9f3d584.jpg,0.129903182387352,0.027896856889128685
B2A,least changed,063ab57d41.jpg,0.16681796312332153,0.03736484795808792
B2A,least changed,04f59976b5.jpg,0.18586476147174835,0.04010017588734627
B2A,most changed,02ded12bbd.jpg,0.7025773525238037,0.05729266628623009
B2A,most changed,0984136f36.jpg,0.6838895082473755,0.03484199941158295
B2A,most changed,053024baa2.jpg,0.6618773937225342,0.03700922802090645
B2A,worst cycle,0845e8dc24.jpg,0.36913806200027466,0.13779257237911224
B2A,worst cycle,0254fc91bd.jpg,0.4242488145828247,0.08332435041666031
B2A,worst cycle,064b9119de.jpg,0.3509714901447296,0.08311937004327774
