sample_id,direction,source_file,prediction_file
sample_01,B2A,096495c50c.jpg,096495c50c.jpg
sample_02,A2B,6043aadea0.jpg,6043aadea0.jpg
sample_03,A2B,2cca56415e.jpg,2cca56415e.jpg
sample_04,B2A,07f730ef9a.jpg,07f730ef9a.jpg
sample_05,A2B,ec78d80dbd.jpg,ec78d80dbd.jpg
sample_06,B2A,08874a6ee1.jpg,08874a6ee1.jpg
sample_07,A2B,32cc820303.jpg,32cc820303.jpg
sample_08,B2A,0435dc46a4.jpg,0435dc46a4.jpg
sample_09,B2A,009d534136.jpg,009d534136.jpg
sample_10,A2B,4260d1c556.jpg,4260d1c556.jpg
sample_11,A2B,b3adc75e7d.jpg,b3adc75e7d.jpg
sample_12,B2A,0378bcc7c9.jpg,0378bcc7c9.jpg
sample_13,A2B,632ddbc784.jpg,632ddbc784.jpg
sample_14,B2A,07ea3a38d2.jpg,07ea3a38d2.jpg
sample_15,B2A,047da870f6.jpg,047da870f6.jpg
sample_16,B2A,03a17d96e1.jpg,03a17d96e1.jpg
sample_17,B2A,0473a25050.jpg,0473a25050.jpg
sample_18,B2A,0a0c3a6d07.jpg,0a0c3a6d07.jpg
sample_19,A2B,676a5a4c2e.jpg,676a5a4c2e.jpg
sample_20,A2B,0a5075d42a.jpg,0a5075d42a.jpg
sample_21,A2B,26b66eb819.jpg,26b66eb819.jpg
sample_22,B2A,09e084658a.jpg,09e084658a.jpg
sample_23,B2A,054f375c69.jpg,054f375c69.jpg
sample_24,A2B,106757e5d8.jpg,106757e5d8.jpg
sample_25,B2A,068381ad63.jpg,068381ad63.jpg
sample_26,A2B,28deb43a71.jpg,28deb43a71.jpg
sample_27,A2B,732d76a469.jpg,732d76a469.jpg
sample_28,A2B,69f4b75a37.jpg,69f4b75a37.jpg
sample_29,A2B,1078363ff0.jpg,1078363ff0.jpg
sample_30,B2A,00104fd531.jpg,00104fd531.jpg
